{
  "name": "whale42",
  "vendorId": "0xAFC8",
  "productId": "0x0001",
  "matrix": { "rows":  4, "cols": 12 },
  "lightning": "qmk_rgb_matrix",
  "menus": ["qmk_rgb_matrix"],
  "layouts": {
    "keymap": [
  [
    {
      "rx": 7,
      "y": 3.8,
      "x": -4.5,
      "w": 1.25
    },
    "3,0",
    {
      "x": 6.5,
      "w": 1.25
    },
    "3,5"
  ],
  [
    {
      "r": 8,
      "y": -4,
      "x": -3.5
    },
    "0,3"
  ],
  [
    {
      "y": -0.7999999999999998,
      "x": -4.5
    },
    "0,2",
    {
      "x": 1
    },
    "0,4"
  ],
  [
    {
      "y": -0.8,
      "x": -5.5
    },
    "0,1",
    {
      "x": 3
    },
    "0,5"
  ],
  [
    {
      "y": -0.7000000000000002,
      "x": -6.5
    },
    "0,0"
  ],
  [
    {
      "y": -0.7,
      "x": -3.5
    },
    "1,3"
  ],
  [
    {
      "y": -0.7999999999999998,
      "x": -4.5
    },
    "1,2",
    {
      "x": 1
    },
    "1,4"
  ],
  [
    {
      "y": -0.7999999999999998,
      "x": -5.5
    },
    "1,1",
    {
      "x": 3
    },
    "1,5"
  ],
  [
    {
      "y": -0.7000000000000002,
      "x": -6.5
    },
    "1,0"
  ],
  [
    {
      "y": -0.7000000000000002,
      "x": -3.5
    },
    "2,3"
  ],
  [
    {
      "y": -0.7999999999999998,
      "x": -4.5
    },
    "2,2",
    {
      "x": 1
    },
    "2,4"
  ],
  [
    {
      "y": -0.7999999999999998,
      "x": -5.5
    },
    "2,1",
    {
      "x": 3
    },
    "2,5"
  ],
  [
    {
      "y": -0.7000000000000002,
      "x": -6.5
    },
    "2,0"
  ],
  [
    {
      "r": 12,
      "rx": 5,
      "ry": 4.75,
      "y": -0.6500000000000004,
      "x": -1.1,
      "w": 1.25
    },
    "3,1"
  ],
  [
    {
      "r": 25,
      "y": -1.0999999999999996,
      "x": 0.2999999999999998,
      "w": 1.25
    },
    "3,2"
  ],
  [
    {
      "r": -25,
      "rx": 9,
      "y": -0.75,
      "x": -1.5499999999999998,
      "w": 1.25
    },
    "3,3"
  ],
  [
    {
      "r": -12,
      "y": -0.9000000000000004,
      "x": -0.15000000000000036,
      "w": 1.25
    },
    "3,4"
  ],
  [
    {
      "r": -8,
      "rx": 7,
      "ry": 0,
      "y": 0.8,
      "x": 2.5
    },
    "0,8"
  ],
  [
    {
      "y": -0.8,
      "x": 1.5
    },
    "0,7",
    {
      "x": 1
    },
    "0,9"
  ],
  [
    {
      "y": -0.8,
      "x": 0.5
    },
    "0,6",
    {
      "x": 3
    },
    "0,10"
  ],
  [
    {
      "y": -0.8000000000000003,
      "x": 5.5
    },
    "0,11"
  ],
  [
    {
      "y": -0.5999999999999999,
      "x": 2.5
    },
    "1,8"
  ],
  [
    {
      "y": -0.7999999999999998,
      "x": 1.5
    },
    "1,7",
    {
      "x": 1
    },
    "1,9"
  ],
  [
    {
      "y": -0.7999999999999998,
      "x": 0.5
    },
    "1,6",
    {
      "x": 3
    },
    "1,10"
  ],
  [
    {
      "y": -0.8000000000000003,
      "x": 5.5
    },
    "1,11"
  ],
  [
    {
      "y": -0.6000000000000001,
      "x": 2.5
    },
    "2,8"
  ],
  [
    {
      "y": -0.7999999999999998,
      "x": 1.5
    },
    "2,7",
    {
      "x": 1
    },
    "2,9"
  ],
  [
    {
      "y": -0.7999999999999998,
      "x": 0.5
    },
    "2,6",
    {
      "x": 3
    },
    "2,10"
  ],
  [
    {
      "y": -0.8000000000000003,
      "x": 5.5
    },
    "2,11"
  ]
]
}
}